<?xml version="1.0" encoding="UTF-8"?>
<project-private xmlns="http://www.netbeans.org/ns/project-private/1">
    <editor-bookmarks xmlns="http://www.netbeans.org/ns/editor-bookmarks/2" lastBookmarkId="0"/>
    <open-files xmlns="http://www.netbeans.org/ns/projectui-open-files/2">
        <group>
            <file>file:/C:/Users/bruno/Downloads/TP1_SisDis/src/tp1_sisdis/livro.java</file>
            <file>file:/C:/Users/bruno/Downloads/TP1_SisDis/src/tp1_sisdis/RemoteObject.java</file>
            <file>file:/C:/Users/bruno/Downloads/TP1_SisDis/src/tp1_sisdis/InterfaceServidor.java</file>
            <file>file:/C:/Users/bruno/Downloads/TP1_SisDis/src/tp1_sisdis/RMI_Vendedor.java</file>
            <file>file:/C:/Users/bruno/Downloads/TP1_SisDis/src/tp1_sisdis/RMI_Fornecedor.java</file>
            <file>file:/C:/Users/bruno/Downloads/TP1_SisDis/src/tp1_sisdis/RMIServer.java</file>
            <file>file:/C:/Users/bruno/Downloads/TP1_SisDis/src/tp1_sisdis/TP1_SisDis.java</file>
            <file>file:/C:/Users/bruno/Downloads/TP1_SisDis/src/tp1_sisdis/InterfaceFornecedor.java</file>
            <file>file:/C:/Users/bruno/Downloads/TP1_SisDis/src/tp1_sisdis/InterfaceRMI.java</file>
        </group>
        <group name="SD">
            <file>file:/C:/SISTEMASDISTRIBUIDOS/TP1_SisDis/src/tp1_sisdis/RemoteObject.java</file>
            <file>file:/C:/SISTEMASDISTRIBUIDOS/TP1_SisDis/src/tp1_sisdis/RMIServer.java</file>
            <file>file:/C:/SISTEMASDISTRIBUIDOS/TP1_SisDis/src/tp1_sisdis/RMI_Vendedor.java</file>
            <file>file:/C:/SISTEMASDISTRIBUIDOS/TP1_SisDis/src/tp1_sisdis/RMI_Fornecedor.java</file>
        </group>
    </open-files>
</project-private>
